City_ID,City,Lat,Lng,Max Temp,Humidity,Cloudiness,Wind Speed,Country,Date
0,Roma,43.2128,-75.4557,86.95,67,75,10.36,US,2022-07-21 19:10:18
1,Ushuaia,-54.8,-68.3,31.66,86,40,23.02,AR,2022-07-21 19:07:18
2,Tuatapere,-46.1333,167.6833,43.5,90,100,1.28,NZ,2022-07-21 19:11:59
3,Rio Grande,-32.035,-52.0986,66.31,97,100,4.23,BR,2022-07-21 19:11:59
4,Khatanga,71.9667,102.5,49.91,81,100,11.77,RU,2022-07-21 19:06:18
5,Upernavik,72.7868,-56.1549,47.03,87,100,10.78,GL,2022-07-21 19:06:19
6,Rikitea,-23.1203,-134.9692,74.71,77,74,19.04,PF,2022-07-21 19:06:27
7,Cairns,-16.9167,145.7667,67.06,97,4,5.19,AU,2022-07-21 19:12:00
8,Punta Arenas,-53.15,-70.9167,35.71,77,40,28.77,CL,2022-07-21 19:04:15
9,Cape Town,-33.9258,18.4232,61.38,78,100,4.0,ZA,2022-07-21 19:07:17
10,Busselton,-33.65,115.3333,57.88,77,58,12.06,AU,2022-07-21 19:06:27
11,Saint-Philippe,-21.3585,55.7679,65.79,81,39,14.25,RE,2022-07-21 19:06:22
12,Mar Del Plata,-38.0023,-57.5575,54.95,36,97,14.0,AR,2022-07-21 19:03:12
13,Castro,-24.7911,-50.0119,70.7,60,16,5.7,BR,2022-07-21 19:06:16
14,Tiksi,71.6872,128.8694,40.91,84,84,11.5,RU,2022-07-21 19:10:42
15,Albany,42.6001,-73.9662,96.58,42,8,4.0,US,2022-07-21 19:06:07
16,Landau,49.2075,8.1133,78.62,52,13,3.71,DE,2022-07-21 19:12:01
17,Atuona,-9.8,-139.0333,77.47,74,18,16.2,PF,2022-07-21 19:07:33
18,Verkhnevilyuysk,63.4453,120.3167,54.0,98,99,6.38,RU,2022-07-21 19:12:01
19,Hobart,-42.8794,147.3294,39.27,91,3,1.99,AU,2022-07-21 19:05:37
20,Angoche,-16.2325,39.9086,72.18,72,0,4.7,MZ,2022-07-21 19:12:02
21,Bosaso,11.2842,49.1816,91.53,42,49,12.53,SO,2022-07-21 19:12:03
22,Kapaa,22.0752,-159.319,80.19,74,75,18.41,US,2022-07-21 19:07:36
23,Aden,12.7794,45.0367,85.23,62,9,3.11,YE,2022-07-21 19:12:03
24,Vaini,-21.2,-175.2,73.85,77,28,10.87,TO,2022-07-21 19:06:24
25,Hilo,19.7297,-155.09,79.29,99,75,10.36,US,2022-07-21 19:06:25
26,Myanaung,18.2833,95.3167,79.2,87,100,3.85,MM,2022-07-21 19:12:04
27,Lebu,-37.6167,-73.65,53.46,78,97,8.57,CL,2022-07-21 19:08:55
28,Dikson,73.5069,80.5464,43.09,95,100,21.39,RU,2022-07-21 19:07:36
29,Vardo,70.3705,31.1107,57.18,88,0,5.75,NO,2022-07-21 19:12:05
30,Kodiak,57.79,-152.4072,56.71,82,75,8.05,US,2022-07-21 19:06:18
31,Kilindoni,-7.9139,39.6668,75.88,72,0,16.53,TZ,2022-07-21 19:12:05
32,Bafoulabe,13.8065,-10.8321,80.33,81,100,2.95,ML,2022-07-21 19:07:24
33,Bredasdorp,-34.5322,20.0403,48.38,87,100,0.72,ZA,2022-07-21 19:07:31
34,Pafos,34.7667,32.4167,82.18,69,0,6.91,CY,2022-07-21 19:10:54
35,Ponta Do Sol,32.6667,-17.1,76.71,78,3,6.2,PT,2022-07-21 19:10:44
36,Georgetown,5.4112,100.3354,83.89,85,20,0.0,MY,2022-07-21 19:05:47
37,Sur,22.5667,59.5289,87.19,71,93,12.66,OM,2022-07-21 19:12:07
38,Chengde,40.9725,117.9361,66.67,87,20,1.99,CN,2022-07-21 19:12:08
39,Hami,42.8,93.45,75.49,24,0,2.33,CN,2022-07-21 19:12:08
40,Gold Coast,-28.0,153.4333,62.01,90,75,19.57,AU,2022-07-21 19:08:53
41,Dubai,25.2582,55.3047,100.33,37,0,8.05,AE,2022-07-21 19:07:45
42,Altamont,42.2068,-121.7372,86.9,22,0,6.91,US,2022-07-21 19:12:09
43,Mataura,-46.1927,168.8643,40.5,96,100,0.74,NZ,2022-07-21 19:06:14
44,Adelaide,-34.9333,138.6,55.85,73,100,5.99,AU,2022-07-21 19:09:22
45,Saskylakh,71.9167,114.0833,46.83,78,100,8.37,RU,2022-07-21 19:06:19
46,Linxia,35.6003,103.2064,49.35,90,0,3.91,CN,2022-07-21 19:12:10
47,Bluff,-46.6,168.3333,45.25,84,76,9.82,NZ,2022-07-21 19:06:21
48,Briancon,44.9,6.65,75.34,60,9,1.66,FR,2022-07-21 19:13:11
49,Fairbanks,64.8378,-147.7164,62.6,65,100,3.44,US,2022-07-21 19:08:32
50,Salinopolis,-0.6136,-47.3561,81.3,76,91,7.49,BR,2022-07-21 19:13:12
51,Mbanza-Ngungu,-5.25,14.8667,76.23,56,68,4.38,CD,2022-07-21 19:13:12
52,Barrow,71.2906,-156.7887,44.62,81,0,25.32,US,2022-07-21 19:13:12
53,Pochutla,15.7432,-96.4661,90.82,55,100,7.94,MX,2022-07-21 19:13:13
54,Waitati,-45.75,170.5667,46.8,82,100,3.91,NZ,2022-07-21 19:13:13
55,Lavrentiya,65.5833,-171.0,39.11,85,100,22.26,RU,2022-07-21 19:13:14
56,Chipinge,-20.1883,32.6236,58.98,68,99,5.61,ZW,2022-07-21 19:13:14
57,Tezu,27.9167,96.1667,76.23,96,100,3.22,IN,2022-07-21 19:13:14
58,Santa Isabel Do Rio Negro,-0.4139,-65.0192,88.45,57,99,1.05,BR,2022-07-21 19:13:15
59,Ancud,-41.8697,-73.8203,41.23,87,100,11.99,CL,2022-07-21 19:06:26
60,Nikolskoye,59.7035,30.7861,69.69,79,0,3.53,RU,2022-07-21 19:07:42
61,Chokurdakh,70.6333,147.9167,42.3,56,0,7.92,RU,2022-07-21 19:08:56
62,Hasaki,35.7333,140.8333,79.29,91,100,17.11,JP,2022-07-21 19:13:16
63,Zhigansk,66.7697,123.3711,55.94,93,100,3.74,RU,2022-07-21 19:13:17
64,Sao Joao Da Barra,-21.6403,-41.0511,77.09,74,12,10.13,BR,2022-07-21 19:05:09
65,Fortuna,40.5982,-124.1573,58.66,80,42,7.7,US,2022-07-21 19:08:51
66,Mahebourg,-20.4081,57.7,69.26,69,90,21.14,MU,2022-07-21 19:10:48
67,Airai,-8.9266,125.4092,54.75,93,98,3.2,TL,2022-07-21 19:04:06
68,Puerto Escondido,15.85,-97.0667,87.84,66,100,9.24,MX,2022-07-21 19:11:34
69,Te Anau,-45.4167,167.7167,33.46,95,47,1.39,NZ,2022-07-21 19:06:23
70,Butaritari,3.0707,172.7902,80.58,75,99,4.5,KI,2022-07-21 19:06:20
71,Tabou,4.423,-7.3528,75.4,75,100,8.21,CI,2022-07-21 19:13:18
72,New Norfolk,-42.7826,147.0587,38.91,82,5,2.68,AU,2022-07-21 19:13:19
73,Kenai,60.5544,-151.2583,55.49,91,100,4.61,US,2022-07-21 19:13:19
74,Pemberton,50.3164,-122.8027,84.24,41,4,4.65,CA,2022-07-21 19:13:19
75,Torbay,47.6666,-52.7314,78.89,61,99,8.32,CA,2022-07-21 19:05:34
76,Tsuruoka,38.7217,139.8217,72.66,83,100,2.35,JP,2022-07-21 19:13:20
77,Atasu,48.6814,71.6433,69.89,62,1,8.97,KZ,2022-07-21 19:13:20
78,Southbridge,42.0751,-72.0334,93.25,67,98,4.0,US,2022-07-21 19:13:21
79,Yazman,29.1212,71.7446,80.94,77,100,10.89,PK,2022-07-21 19:13:21
80,Cockburn Town,21.4612,-71.1419,85.96,70,40,13.8,TC,2022-07-21 19:13:21
81,Pokhara,28.2333,83.9833,72.09,88,100,5.01,NP,2022-07-21 19:10:29
82,Fort Nelson,58.8053,-122.7002,66.43,34,69,12.82,CA,2022-07-21 19:13:22
83,Mitu,1.1983,-70.1733,76.93,94,99,3.38,CO,2022-07-21 19:13:22
84,Guaymas,27.9333,-110.9,100.89,47,0,16.11,MX,2022-07-21 19:13:23
85,Bulgan,48.8125,103.5347,49.5,97,100,4.0,MN,2022-07-21 19:13:23
86,Novoagansk,61.9449,76.6625,56.35,66,100,8.21,RU,2022-07-21 19:13:23
87,Pisco,-13.7,-76.2167,65.01,72,20,8.05,PE,2022-07-21 19:07:41
88,Ahipara,-35.1667,173.1667,54.28,86,80,7.74,NZ,2022-07-21 19:13:24
89,Sao Filipe,14.8961,-24.4956,75.72,85,93,7.9,CV,2022-07-21 19:08:52
90,Puerto Ayora,-0.7393,-90.3518,80.56,88,63,8.99,EC,2022-07-21 19:07:41
91,Atambua,-9.1061,124.8925,69.22,88,100,6.02,ID,2022-07-21 19:14:25
92,Hithadhoo,-0.6,73.0833,80.74,72,100,4.63,MV,2022-07-21 19:07:43
93,Ribeira Grande,38.5167,-28.7,77.4,83,20,9.22,PT,2022-07-21 19:07:14
94,Araouane,18.9048,-3.5265,97.09,30,20,2.91,ML,2022-07-21 19:14:25
95,Shingu,33.7333,135.9833,77.81,93,2,4.32,JP,2022-07-21 19:14:25
96,Tautira,-17.7333,-149.15,75.42,78,29,11.36,PF,2022-07-21 19:07:33
97,Nabire,-3.3667,135.4833,75.49,90,42,3.04,ID,2022-07-21 19:14:26
98,Nuuk,64.1835,-51.7216,57.81,67,75,14.97,GL,2022-07-21 19:14:26
99,Lorengau,-2.0226,147.2712,80.87,78,100,8.41,PG,2022-07-21 19:14:27
100,Matagami,49.7502,-77.6328,62.2,98,100,11.99,CA,2022-07-21 19:13:14
101,Beringovskiy,63.05,179.3167,45.91,69,31,9.8,RU,2022-07-21 19:14:27
102,Provideniya,64.3833,-173.3,41.47,72,100,10.54,RU,2022-07-21 19:06:28
103,Agadez,19.75,10.25,95.47,15,87,3.24,NE,2022-07-21 19:14:28
104,Chuy,-33.6971,-53.4616,57.33,85,98,7.58,UY,2022-07-21 19:14:28
105,Champasak,14.75,106.0,72.3,100,100,2.19,LA,2022-07-21 19:14:28
106,Avarua,-21.2078,-159.775,71.65,73,75,10.36,CK,2022-07-21 19:07:35
107,Cordoba,-31.4135,-64.1811,67.24,39,100,10.36,AR,2022-07-21 19:12:26
108,Thompson,55.7435,-97.8558,62.76,77,75,6.91,CA,2022-07-21 19:08:48
109,Aboso,5.3617,-1.9473,73.58,71,28,6.8,GH,2022-07-21 19:14:29
110,Datong,40.0936,113.2914,74.08,54,100,4.68,CN,2022-07-21 19:14:29
111,Green River,41.5286,-109.4662,89.19,16,4,8.99,US,2022-07-21 19:14:30
112,Pangani,-5.4333,38.9667,72.1,82,0,9.62,TZ,2022-07-21 19:14:30
113,Dzhebariki-Khaya,62.2167,135.8,65.19,70,62,3.74,RU,2022-07-21 19:14:30
114,Iqaluit,63.7506,-68.5145,42.53,93,100,5.99,CA,2022-07-21 19:10:09
115,Arraial Do Cabo,-22.9661,-42.0278,73.26,78,0,9.22,BR,2022-07-21 19:14:31
116,Hovd,48.0056,91.6419,63.84,44,100,3.71,MN,2022-07-21 19:14:31
117,Simpang,-1.2667,104.0833,73.85,97,85,2.59,ID,2022-07-21 19:14:32
118,Punta Alta,-38.8759,-62.0736,53.08,28,99,6.91,AR,2022-07-21 19:13:50
119,Vila Velha,-20.3297,-40.2925,75.15,85,40,11.5,BR,2022-07-21 19:08:29
120,Marigot,18.0667,-63.0833,85.05,77,1,19.98,MF,2022-07-21 19:14:32
121,Esperance,-33.8667,121.9,51.64,82,67,18.23,AU,2022-07-21 19:06:28
122,Weiser,44.251,-116.9693,100.31,15,0,1.01,US,2022-07-21 19:14:33
123,Aykhal,66.0,111.5,50.0,93,100,1.74,RU,2022-07-21 19:14:33
124,East London,-33.0153,27.9116,60.98,68,0,2.75,ZA,2022-07-21 19:06:29
125,Clyde River,70.4692,-68.5914,37.83,95,100,2.51,CA,2022-07-21 19:06:22
126,Mehamn,71.0357,27.8492,57.11,94,100,4.97,NO,2022-07-21 19:14:34
127,Port Elizabeth,-33.918,25.5701,56.41,73,0,2.24,ZA,2022-07-21 19:14:34
128,Pitimbu,-7.4706,-34.8086,77.59,82,100,12.08,BR,2022-07-21 19:14:35
129,Simplicio Mendes,-7.8539,-41.9103,87.4,32,81,8.39,BR,2022-07-21 19:14:35
130,Cidreira,-30.1811,-50.2056,65.44,87,100,6.29,BR,2022-07-21 19:14:35
131,Port Hedland,-20.3167,118.5667,70.12,63,0,9.78,AU,2022-07-21 19:10:10
132,Port Alfred,-33.5906,26.891,58.21,70,0,0.78,ZA,2022-07-21 19:08:47
133,Longyearbyen,78.2186,15.6401,51.64,82,75,9.22,SJ,2022-07-21 19:08:54
134,Bend,44.0582,-121.3153,91.26,20,0,12.66,US,2022-07-21 19:14:36
135,Carnarvon,-24.8667,113.6333,63.66,71,47,15.97,AU,2022-07-21 19:07:39
136,Pont-A-Celles,50.5053,4.3636,66.31,75,75,4.61,BE,2022-07-21 19:14:36
137,Jamestown,42.097,-79.2353,83.52,59,75,13.8,US,2022-07-21 19:13:03
138,Lagoa,39.05,-27.9833,72.73,83,94,5.06,PT,2022-07-21 19:15:37
139,Kalach-Na-Donu,48.691,43.5264,68.58,45,78,5.68,RU,2022-07-21 19:15:37
140,Harper,4.375,-7.7169,75.51,75,100,9.4,LR,2022-07-21 19:15:37
141,Okhotsk,59.3833,143.3,55.74,93,100,3.15,RU,2022-07-21 19:15:38
142,Ajdabiya,30.7554,20.2263,79.18,59,0,18.48,LY,2022-07-21 19:15:38
143,Turukhansk,65.8167,87.9833,55.35,91,100,11.32,RU,2022-07-21 19:15:38
144,Yellowknife,62.456,-114.3525,68.52,40,40,8.05,CA,2022-07-21 19:15:39
145,Santiago De Chuco,-8.15,-78.1833,65.95,30,86,6.2,PE,2022-07-21 19:15:39
146,Faanui,-16.4833,-151.75,77.5,73,9,12.73,PF,2022-07-21 19:15:40
147,Dzaoudzi,-12.7887,45.2699,71.49,88,0,5.75,YT,2022-07-21 19:15:40
148,Dina,52.9335,-110.0849,77.41,48,9,13.96,CA,2022-07-21 19:15:40
149,Cayenne,4.9333,-52.3333,87.84,9,40,10.36,GF,2022-07-21 19:15:41
150,Dahra,36.2546,0.8519,87.19,58,0,8.14,DZ,2022-07-21 19:15:41
151,Kudahuvadhoo,2.6708,72.8944,82.4,69,100,10.09,MV,2022-07-21 19:15:41
152,Fatick,14.3581,-16.5858,85.89,59,99,12.95,SN,2022-07-21 19:15:42
153,Aksu,41.1231,80.2644,80.83,25,0,6.22,CN,2022-07-21 19:15:42
154,Baykit,61.67,96.37,58.59,79,85,2.51,RU,2022-07-21 19:15:42
155,Luganville,-15.5333,167.1667,77.04,86,11,4.83,VU,2022-07-21 19:15:43
156,Kruisfontein,-34.0033,24.7314,50.45,86,0,2.08,ZA,2022-07-21 19:15:43
157,Grand Gaube,-20.0064,57.6608,69.39,75,97,8.01,MU,2022-07-21 19:13:24
158,Bethel,41.3712,-73.414,93.63,74,0,13.8,US,2022-07-21 19:15:44
159,Conakry,9.538,-13.6773,78.04,86,87,13.04,GN,2022-07-21 19:11:24
160,Asosa,10.0667,34.5333,58.78,97,53,2.06,ET,2022-07-21 19:15:44
161,Marsh Harbour,26.5412,-77.0636,83.7,70,7,11.7,BS,2022-07-21 19:13:25
162,Druzhba,52.0428,33.9453,57.99,96,7,9.28,UA,2022-07-21 19:15:44
163,Jiancheng,30.391,104.5491,74.7,98,100,7.11,CN,2022-07-21 19:14:14
164,Qaanaaq,77.484,-69.3632,45.54,70,100,5.93,GL,2022-07-21 19:15:45
165,Maniitsoq,65.4167,-52.9,45.14,91,100,12.19,GL,2022-07-21 19:15:45
166,Jinka,5.65,36.65,67.41,60,85,0.98,ET,2022-07-21 19:15:45
167,Mandera,3.9366,41.867,87.67,31,80,15.9,KE,2022-07-21 19:15:46
168,Yenagoa,4.9247,6.2642,75.09,87,89,6.11,NG,2022-07-21 19:15:46
169,Moerai,-22.4333,-151.3333,71.51,56,56,25.12,PF,2022-07-21 19:15:46
170,Penzance,50.1186,-5.5371,61.48,71,100,15.66,GB,2022-07-21 19:15:47
171,Byron Bay,-28.65,153.6167,58.95,76,100,18.59,AU,2022-07-21 19:15:47
172,Hermanus,-34.4187,19.2345,54.0,75,100,0.4,ZA,2022-07-21 19:15:47
173,Roela,59.1667,26.5926,62.94,61,5,2.98,EE,2022-07-21 19:15:48
174,Grande Prairie,55.1667,-118.8027,71.2,39,98,11.54,CA,2022-07-21 19:13:19
175,Kahului,20.8947,-156.47,78.82,77,75,11.5,US,2022-07-21 19:15:48
176,Ilulissat,69.2167,-51.1,51.82,82,75,5.75,GL,2022-07-21 19:15:49
177,Urengoy,65.9667,78.3667,47.19,83,100,3.42,RU,2022-07-21 19:15:49
178,Victoria,22.2855,114.1577,86.18,79,0,3.0,HK,2022-07-21 19:15:49
179,Firozpur Jhirka,27.8,76.95,86.79,67,100,4.65,IN,2022-07-21 19:15:50
180,Cao Bang,22.6667,106.25,74.05,98,14,0.49,VN,2022-07-21 19:15:50
181,Tasiilaq,65.6145,-37.6368,42.96,77,89,2.84,GL,2022-07-21 19:15:50
182,Vao,-22.6667,167.4833,73.06,90,14,22.12,NC,2022-07-21 19:16:51
183,Noyabrsk,63.1994,75.4507,48.24,78,78,10.22,RU,2022-07-21 19:16:51
184,Celestun,20.8667,-90.4,87.42,62,1,11.41,MX,2022-07-21 19:16:51
185,Hohhot,40.8106,111.6522,71.89,43,20,4.47,CN,2022-07-21 19:16:52
186,Pevek,69.7008,170.3133,32.02,99,100,8.86,RU,2022-07-21 19:16:52
187,Half Moon Bay,37.4636,-122.4286,83.53,73,75,20.71,US,2022-07-21 19:15:35
188,Honningsvag,70.9821,25.9704,56.95,94,100,0.0,NO,2022-07-21 19:16:52
189,Rockland,41.1668,-74.0496,97.9,56,22,3.0,US,2022-07-21 19:14:30
190,Kuala Selangor,3.35,101.25,79.0,82,99,2.19,MY,2022-07-21 19:16:53
191,Los Llanos De Aridane,28.6585,-17.9182,69.55,83,20,18.41,ES,2022-07-21 19:16:53
192,Minab,27.1467,57.0801,89.92,74,27,5.75,IR,2022-07-21 19:16:53
193,Sakakah,29.9697,40.2064,98.17,15,0,17.76,SA,2022-07-21 19:16:54
194,Hualmay,-11.0964,-77.6139,66.31,71,9,10.31,PE,2022-07-21 19:16:54
195,Cherskiy,68.75,161.3,38.46,79,95,9.75,RU,2022-07-21 19:16:55
196,Lloydminster,53.2835,-110.0016,77.22,41,20,18.41,CA,2022-07-21 19:15:35
197,Port Hardy,50.6996,-127.4199,59.18,77,75,10.36,CA,2022-07-21 19:15:21
198,Zaysan,47.4667,84.8667,64.81,43,24,4.85,KZ,2022-07-21 19:16:55
199,Mahanoro,-19.9,48.8,64.06,86,42,2.17,MG,2022-07-21 19:16:55
200,College,64.8569,-147.8028,62.58,65,100,3.44,US,2022-07-21 19:16:56
201,Guerrero Negro,27.9769,-114.0611,77.29,56,7,16.89,MX,2022-07-21 19:15:33
202,Sunrise Manor,36.2111,-115.0731,111.29,12,0,4.61,US,2022-07-21 19:16:56
203,Taoudenni,22.6783,-3.9836,98.04,29,72,11.86,ML,2022-07-21 19:16:56
204,Nanortalik,60.1432,-45.2371,51.24,74,2,14.23,GL,2022-07-21 19:16:57
205,Geraldton,-28.7667,114.6,60.48,66,4,9.95,AU,2022-07-21 19:16:57
206,Gladstone,-23.85,151.25,59.79,94,100,6.91,AU,2022-07-21 19:16:57
207,Vallenar,-28.5708,-70.7581,65.86,59,0,3.31,CL,2022-07-21 19:16:58
208,Pirapo,-26.85,-55.5333,80.96,49,94,5.68,PY,2022-07-21 19:16:58
209,Rauma,61.1272,21.5113,77.04,74,100,11.18,FI,2022-07-21 19:16:58
210,Tecoanapa,16.5167,-98.75,86.11,71,43,10.67,MX,2022-07-21 19:16:59
211,Ulu-Telyak,54.9086,56.9669,56.61,94,76,1.36,RU,2022-07-21 19:16:59
212,Boende,-0.2167,20.8667,75.54,85,100,3.36,CD,2022-07-21 19:16:59
213,Mount Gambier,-37.8333,140.7667,47.39,83,100,8.21,AU,2022-07-21 19:17:00
214,Mangan,27.5167,88.5333,76.15,94,100,1.66,IN,2022-07-21 19:17:00
215,Antibes,43.5624,7.1278,85.84,68,0,4.61,FR,2022-07-21 19:12:48
216,Itarema,-2.9248,-39.9167,85.17,60,82,16.53,BR,2022-07-21 19:17:00
217,Daru,-9.0763,143.2092,75.85,92,72,8.23,PG,2022-07-21 19:17:01
218,Maxixe,-23.8597,35.3472,64.22,94,20,3.44,MZ,2022-07-21 19:17:01
219,Onomichi,34.4167,133.2,77.32,91,44,13.56,JP,2022-07-21 19:17:02
220,Ishigaki,24.3448,124.1572,80.73,94,20,4.61,JP,2022-07-21 19:17:02
221,Mayo,38.8876,-76.5119,95.95,62,0,6.91,US,2022-07-21 19:17:02
222,Golden,39.7555,-105.2211,96.22,21,40,6.91,US,2022-07-21 19:17:03
223,Labuhan,-6.8844,112.2051,75.72,83,94,9.62,ID,2022-07-21 19:17:03
224,Manadhoo,5.7667,73.3833,82.13,78,100,18.68,MV,2022-07-21 19:17:03
225,Acapulco,16.8634,-99.8901,87.62,74,40,5.75,MX,2022-07-21 19:15:46
226,Chateaubelair,13.2833,-61.25,82.92,74,75,17.27,VC,2022-07-21 19:17:04
227,Whitehorse,60.7161,-135.0538,58.01,56,75,13.8,CA,2022-07-21 19:15:50
228,Port Blair,11.6667,92.75,79.56,87,100,5.7,IN,2022-07-21 19:17:04
229,Ambulu,-8.345,113.6058,72.27,89,93,3.94,ID,2022-07-21 19:17:05
230,Arman,59.7,150.1667,64.02,81,38,2.21,RU,2022-07-21 19:17:05
231,Hofn,64.2539,-15.2082,51.28,89,17,3.65,IS,2022-07-21 19:18:05
232,Severo-Kurilsk,50.6789,156.125,53.37,97,100,25.34,RU,2022-07-21 19:18:06
233,Riyadh,24.6877,46.7219,98.74,8,87,8.32,SA,2022-07-21 19:15:15
234,Sayyan,15.1718,44.3244,65.82,60,74,3.94,YE,2022-07-21 19:18:06
235,Pilar,-9.5972,-35.9567,76.93,80,75,7.29,BR,2022-07-21 19:18:02
236,Noumea,-22.2763,166.4572,75.0,99,10,10.22,NC,2022-07-21 19:18:06
237,Amahai,-3.3333,128.9167,75.31,82,70,5.7,ID,2022-07-21 19:18:07
238,Katangli,51.7102,143.2326,52.43,99,100,9.19,RU,2022-07-21 19:18:07
239,Kidal,18.4411,1.4078,94.26,29,11,4.03,ML,2022-07-21 19:18:08
240,Severnyy,50.677,36.5532,59.04,100,0,6.71,RU,2022-07-21 19:18:08
241,Olafsvik,64.8945,-23.7142,53.64,80,19,5.37,IS,2022-07-21 19:18:08
242,Belaya Gora,68.5333,146.4167,48.36,62,14,7.92,RU,2022-07-21 19:18:09
243,Progreso,21.2833,-89.6667,98.11,62,8,16.62,MX,2022-07-21 19:18:09
244,Shahrud,36.4182,54.9763,78.89,46,0,5.55,IR,2022-07-21 19:18:09
245,Nemuro,43.3236,145.575,56.77,89,0,7.36,JP,2022-07-21 19:13:11
246,Broome,42.2506,-75.833,89.2,50,100,16.11,US,2022-07-21 19:18:10
247,Opuwo,-18.0607,13.84,64.15,27,0,7.49,NA,2022-07-21 19:18:10
248,Vila Franca Do Campo,37.7167,-25.4333,72.01,72,30,3.24,PT,2022-07-21 19:18:11
249,Ngunguru,-35.6167,174.5,50.61,85,12,8.97,NZ,2022-07-21 19:18:11
250,Punjai Puliyampatti,11.35,77.2,76.24,81,100,6.24,IN,2022-07-21 19:18:11
251,Mitsamiouli,-11.3847,43.2844,75.65,70,3,6.15,KM,2022-07-21 19:18:12
252,Goedereede,51.8175,3.9806,64.54,77,0,3.0,NL,2022-07-21 19:18:12
253,Codrington,-38.2667,141.9667,48.04,82,85,13.11,AU,2022-07-21 19:13:20
254,Kaitangata,-46.2817,169.8464,43.47,90,100,3.58,NZ,2022-07-21 19:18:13
255,Port Macquarie,-31.4333,152.9167,55.89,82,100,12.21,AU,2022-07-21 19:18:13
256,Laem Sing,12.4816,102.0738,81.14,100,100,6.4,TH,2022-07-21 19:18:13
257,Sioux Lookout,50.1001,-91.917,68.07,73,75,4.61,CA,2022-07-21 19:18:14
258,Gerash,27.6652,54.1371,89.74,37,100,3.29,IR,2022-07-21 19:18:14
259,Port-Gentil,-0.7193,8.7815,75.16,88,20,11.5,GA,2022-07-21 19:18:14
260,Maturin,9.75,-63.1767,83.71,75,36,8.46,VE,2022-07-21 19:18:15
261,Krasnoselkup,65.7,82.4667,48.4,87,63,6.67,RU,2022-07-21 19:18:15
262,Yulara,-25.2406,130.9889,49.17,40,0,8.34,AU,2022-07-21 19:18:15
263,Husavik,66.0449,-17.3389,50.32,78,94,3.98,IS,2022-07-21 19:13:24
264,Havoysund,70.9963,24.6622,57.43,99,100,14.0,NO,2022-07-21 19:18:16
265,Santa Isabel,-23.3156,-46.2214,78.51,37,0,4.97,BR,2022-07-21 19:18:16
266,Marrakesh,31.6315,-8.0083,98.67,23,75,12.66,MA,2022-07-21 19:18:16
267,Buchanan,5.8808,-10.0467,76.77,77,100,11.81,LR,2022-07-21 19:18:17
268,Bogandinskiy,56.8937,65.8938,59.52,98,95,6.89,RU,2022-07-21 19:18:17
269,Vanimo,-2.6741,141.3028,77.47,87,100,2.82,PG,2022-07-21 19:18:17
270,Maningrida,-12.0667,134.2667,56.86,85,52,8.95,AU,2022-07-21 19:18:18
271,Maraba,-5.3686,-49.1178,95.18,28,40,3.44,BR,2022-07-21 19:18:18
272,Svetlogorsk,52.6333,29.7333,64.22,88,98,7.43,BY,2022-07-21 19:18:18
273,Ocampo,21.65,-101.5,82.51,14,68,10.6,MX,2022-07-21 19:18:19
274,Viedma,-40.8135,-62.9967,53.47,19,100,18.84,AR,2022-07-21 19:18:19
275,Basco,20.4487,121.9702,85.51,78,8,12.88,PH,2022-07-21 19:18:19
276,Srivardhan,18.0333,73.0167,79.27,86,92,4.0,IN,2022-07-21 19:18:20
277,Mogadishu,2.0371,45.3438,75.99,86,34,19.04,SO,2022-07-21 19:18:20
278,Bemidji,47.4736,-94.8803,80.06,46,40,17.27,US,2022-07-21 19:16:34
279,Sinop,41.7711,34.8709,60.51,91,0,4.07,TR,2022-07-21 19:19:21
280,Inongo,-1.95,18.2667,72.34,73,33,1.32,CD,2022-07-21 19:14:36
281,Shagonar,51.5333,92.8,59.27,67,22,1.05,RU,2022-07-21 19:19:21
282,Upata,8.0086,-62.3989,80.17,83,28,4.61,VE,2022-07-21 19:19:21
283,Sinnamary,5.3833,-52.95,82.33,75,27,8.32,GF,2022-07-21 19:19:22
284,Kaka,37.3482,59.6143,93.24,10,0,7.83,TM,2022-07-21 19:19:22
285,Cabay,13.8783,121.3772,76.89,93,100,4.52,PH,2022-07-21 19:19:22
286,Beira,-19.8436,34.8389,71.69,88,20,9.22,MZ,2022-07-21 19:19:23
287,San Vicente,-26.6167,-54.1333,76.39,52,63,4.43,AR,2022-07-21 19:19:23
288,Jinchang,38.4953,102.1739,59.4,51,0,9.8,CN,2022-07-21 19:19:24
289,Cabo San Lucas,22.8909,-109.9124,100.62,43,0,8.05,MX,2022-07-21 19:19:24
290,Shahr-E Babak,30.1165,55.1186,82.99,13,0,10.02,IR,2022-07-21 19:19:24
291,Inhambane,-23.865,35.3833,64.38,94,20,3.44,MZ,2022-07-21 19:16:04
292,Vokhtoga,58.8147,41.0461,57.83,80,42,4.16,RU,2022-07-21 19:19:25
293,Singaparna,-7.3515,108.111,70.92,97,100,1.74,ID,2022-07-21 19:19:25
294,Scottsbluff,41.8666,-103.6672,99.79,27,0,6.91,US,2022-07-21 19:19:25
295,Caravelas,-17.7125,-39.2481,75.18,69,2,7.23,BR,2022-07-21 19:19:26
296,Comodoro Rivadavia,-45.8667,-67.5,46.26,29,40,26.46,AR,2022-07-21 19:19:26
297,Avera,33.194,-82.5271,84.25,52,100,12.8,US,2022-07-21 19:19:26
298,Garden City,42.3256,-83.331,92.64,39,20,16.11,US,2022-07-21 19:19:27
299,Dingle,10.9995,122.6711,77.4,91,100,5.86,PH,2022-07-21 19:19:27
300,Weyburn,49.6668,-103.8511,77.22,38,3,12.66,CA,2022-07-21 19:19:27
301,Kjollefjord,70.9457,27.3465,57.25,96,100,5.06,NO,2022-07-21 19:19:28
302,Wattegama,6.7989,81.4808,75.29,92,99,4.12,LK,2022-07-21 19:19:28
303,Kalavad,22.2167,70.3833,80.35,82,100,11.7,IN,2022-07-21 19:19:28
304,Baiao,-2.7906,-49.6717,87.48,50,92,1.7,BR,2022-07-21 19:19:29
305,South Houston,29.663,-95.2355,102.18,52,40,10.36,US,2022-07-21 19:19:29
306,Dyersburg,36.0345,-89.3856,94.28,46,0,10.36,US,2022-07-21 19:19:29
307,Malakal,9.5334,31.6605,72.75,85,100,3.09,SS,2022-07-21 19:19:30
308,Tuktoyaktuk,69.4541,-133.0374,53.6,94,100,8.05,CA,2022-07-21 19:19:30
309,Crixas,-14.5489,-49.9692,91.11,21,6,5.59,BR,2022-07-21 19:19:30
310,Mutsu,41.2894,141.2169,67.39,93,100,3.58,JP,2022-07-21 19:19:31
311,Hambantota,6.1241,81.1185,79.38,81,100,18.34,LK,2022-07-21 19:19:31
312,Camacha,33.0833,-16.3333,69.22,68,75,13.8,PT,2022-07-21 19:19:31
313,Aleksandriya,45.0947,43.2456,69.91,59,20,12.59,RU,2022-07-21 19:19:32
314,Aquidauana,-20.4711,-55.7872,94.46,19,21,9.51,BR,2022-07-21 19:17:15
315,La Paz,-16.5,-68.15,66.18,10,75,4.61,BO,2022-07-21 19:19:32
316,Foumban,5.7291,10.9001,64.09,95,99,2.26,CM,2022-07-21 19:19:32
317,Namibe,-15.1961,12.1522,63.7,87,47,2.39,AO,2022-07-21 19:19:33
318,Zhanakorgan,43.9098,67.2495,93.58,16,3,8.41,KZ,2022-07-21 19:17:16
319,Altay,47.8667,88.1167,60.04,62,71,3.18,CN,2022-07-21 19:19:33
320,Urumqi,43.801,87.6005,74.35,29,0,8.95,CN,2022-07-21 19:18:48
321,Auki,-8.7676,160.7034,76.64,89,99,3.11,SB,2022-07-21 19:19:34
322,Bambous Virieux,-20.3428,57.7575,70.05,83,40,16.11,MU,2022-07-21 19:19:34
323,Salalah,17.0151,54.0924,77.09,94,100,6.91,OM,2022-07-21 19:19:34
324,Palmeira Das Missoes,-27.8994,-53.3136,72.16,76,82,8.37,BR,2022-07-21 19:19:35
325,Port Lincoln,-34.7333,135.8667,54.43,71,100,19.73,AU,2022-07-21 19:20:35
326,Amurzet,47.6967,131.0981,61.38,96,55,5.75,RU,2022-07-21 19:20:35
327,Santa Maria,-29.6842,-53.8069,76.06,73,100,5.46,BR,2022-07-21 19:18:19
328,Gorontalo,0.5412,123.0595,74.34,94,16,2.17,ID,2022-07-21 19:20:36
329,Yatou,37.15,122.3833,69.6,87,0,5.84,CN,2022-07-21 19:20:36
330,Sitka,57.0531,-135.33,55.29,88,100,0.0,US,2022-07-21 19:20:37
331,Peleduy,59.6289,112.7406,61.02,84,100,1.66,RU,2022-07-21 19:20:37
332,Thunder Bay,48.4001,-89.3168,82.31,36,40,14.97,CA,2022-07-21 19:16:06
333,Estelle,29.8458,-90.1067,93.0,62,75,6.91,US,2022-07-21 19:20:37
334,Zheleznodorozhnyy,55.7503,38.0042,63.01,74,93,11.27,RU,2022-07-21 19:20:38
335,Ayan,56.45,138.1667,56.88,96,100,5.86,RU,2022-07-21 19:20:38
336,Teya,60.3778,92.6267,52.23,94,47,2.95,RU,2022-07-21 19:20:38
337,Meulaboh,4.1363,96.1285,78.13,83,100,4.7,ID,2022-07-21 19:20:39
338,Djibo,14.1022,-1.6306,89.06,48,40,6.85,BF,2022-07-21 19:20:39
339,Zhuhai,22.2769,113.5678,86.86,84,20,4.61,CN,2022-07-21 19:20:39
340,Mocuba,-16.8392,36.9856,63.9,85,4,3.96,MZ,2022-07-21 19:20:40
341,La Palma,33.8464,-118.0467,97.74,54,40,8.05,US,2022-07-21 19:20:40
342,Pakokku,21.3333,95.1,85.86,70,100,4.36,MM,2022-07-21 19:20:40
343,Nkowakowa,-23.8878,30.2871,60.69,80,25,3.18,ZA,2022-07-21 19:20:41
344,Gonzalez,30.5816,-87.2914,91.54,74,0,9.22,US,2022-07-21 19:20:41
345,Khromtau,50.2503,58.4347,66.0,48,84,8.99,KZ,2022-07-21 19:20:41
346,Trincomalee,8.5711,81.2335,78.98,86,92,9.98,LK,2022-07-21 19:19:45
347,Mansa,29.9833,75.3833,81.55,82,100,6.76,IN,2022-07-21 19:20:42
348,Alofi,-19.0595,-169.9187,66.09,100,5,3.44,NU,2022-07-21 19:20:42
349,Khandyga,62.6667,135.6,65.17,75,69,3.98,RU,2022-07-21 19:20:43
350,Barinas,8.6226,-70.2075,73.44,100,78,4.61,VE,2022-07-21 19:20:43
351,Saldanha,-33.0117,17.9442,48.25,75,93,8.86,ZA,2022-07-21 19:20:43
352,Lokosovo,61.1333,74.8167,53.2,76,35,7.87,RU,2022-07-21 19:20:44
353,Faya,18.3851,42.4509,69.91,53,77,3.71,SA,2022-07-21 19:20:44
354,Mormugao,15.4,73.8,79.11,84,99,8.75,IN,2022-07-21 19:20:44
355,Mnogovershinnyy,53.9353,139.9242,50.81,97,100,4.38,RU,2022-07-21 19:20:45
356,Along,28.1667,94.7667,74.95,99,100,1.54,IN,2022-07-21 19:20:45
357,Krasne,49.9145,24.6134,65.75,62,0,4.09,UA,2022-07-21 19:20:46
358,Akdagmadeni,39.6603,35.8836,54.01,81,0,3.74,TR,2022-07-21 19:20:46
359,Kourou,5.1552,-52.6478,87.85,73,52,6.42,GF,2022-07-21 19:20:46
360,Jasper,37.2001,-94.3502,104.88,22,0,3.0,US,2022-07-21 19:20:47
361,Tual,-5.6667,132.75,78.44,71,86,18.05,ID,2022-07-21 19:20:47
362,Menongue,-14.6585,17.691,57.76,35,5,4.59,AO,2022-07-21 19:20:47
363,Zalantun,48.0,122.7167,66.18,77,0,5.35,CN,2022-07-21 19:20:48
364,Chumikan,54.7183,135.315,52.14,100,100,1.45,RU,2022-07-21 19:20:48
365,Mocajuba,-2.5842,-49.5072,85.12,59,98,1.3,BR,2022-07-21 19:20:48
366,Ambilobe,-13.2,49.05,66.9,70,9,5.97,MG,2022-07-21 19:20:49
367,Aklavik,68.2191,-135.0107,64.4,68,75,6.91,CA,2022-07-21 19:21:49
368,Saint-Pierre,-21.3393,55.4781,65.88,74,75,5.75,RE,2022-07-21 19:21:50
369,Alakurtti,66.9672,30.3491,65.57,70,92,3.89,RU,2022-07-21 19:21:50
370,Kurchum,48.5722,83.6542,69.28,52,100,10.13,KZ,2022-07-21 19:21:50
371,Isla Vista,34.4133,-119.861,91.26,44,30,8.61,US,2022-07-21 19:21:51
372,Eureka,40.8021,-124.1637,82.67,84,68,7.0,US,2022-07-21 19:21:51
373,Saint-Louis,16.3333,-15.0,96.44,40,92,4.61,SN,2022-07-21 19:21:51
374,Juneau,58.3019,-134.4197,57.22,98,100,10.36,US,2022-07-21 19:21:52
375,Bagotville,-28.9833,153.4167,58.86,99,100,16.58,AU,2022-07-21 19:21:52
376,Poshekhonye,58.4993,39.1353,58.05,86,5,5.93,RU,2022-07-21 19:21:52
377,Broken Hill,-31.95,141.4333,45.64,87,8,10.45,AU,2022-07-21 19:19:20
378,At-Bashi,41.1702,75.8106,62.94,35,0,4.85,KG,2022-07-21 19:21:53
379,Keetmanshoop,-26.5833,18.1333,63.68,27,0,8.5,NA,2022-07-21 19:21:53
380,Lixourion,38.2019,20.4314,84.2,45,0,10.36,GR,2022-07-21 19:21:53
381,Sechura,-5.5569,-80.8222,73.76,55,48,13.71,PE,2022-07-21 19:21:54
382,Yar-Sale,66.8333,70.8333,46.42,76,100,12.26,RU,2022-07-21 19:21:54
383,Toora-Khem,52.4675,96.11,54.0,54,100,0.98,RU,2022-07-21 19:21:54
384,Villeneuve-Sur-Lot,44.5,0.6667,82.45,53,5,4.29,FR,2022-07-21 19:21:55
385,Samarai,-10.6167,150.6667,79.25,82,53,7.49,PG,2022-07-21 19:21:55
386,Dunhua,43.3725,128.2425,61.57,95,100,2.15,CN,2022-07-21 19:21:55
387,Sandane,61.7728,6.215,59.56,72,75,13.8,NO,2022-07-21 19:21:56
388,Barguzin,53.6167,109.6167,58.69,94,100,2.86,RU,2022-07-21 19:21:56
389,Luanda,-8.8368,13.2343,67.98,86,89,12.06,AO,2022-07-21 19:19:35
390,Nantucket,41.2835,-70.0995,82.51,86,100,13.8,US,2022-07-21 19:21:57
391,Quatre Cocos,-20.2078,57.7625,69.91,71,93,20.74,MU,2022-07-21 19:21:57
392,Petropavlovsk-Kamchatskiy,53.0452,158.6483,57.79,100,75,2.24,RU,2022-07-21 19:21:53
393,Leningradskiy,69.3833,178.4167,34.25,99,100,11.9,RU,2022-07-21 19:21:57
394,Taitung,22.7583,121.1444,81.66,70,5,4.23,TW,2022-07-21 19:21:58
395,Pangoa,-12.1167,-73.0,86.52,44,1,4.99,PE,2022-07-21 19:21:58
396,Tura,25.5198,90.2201,75.7,94,100,4.0,IN,2022-07-21 19:21:58
397,Paragominas,-2.9667,-47.4833,89.11,39,9,2.75,BR,2022-07-21 19:21:59
398,Durban,-29.8579,31.0292,66.92,86,100,4.0,ZA,2022-07-21 19:21:59
399,Jega,12.2175,4.3792,83.32,60,70,8.12,NG,2022-07-21 19:21:59
400,San Angelo,31.4638,-100.437,98.82,36,0,12.66,US,2022-07-21 19:22:00
401,Touros,-5.1989,-35.4608,80.42,72,100,11.61,BR,2022-07-21 19:22:00
402,Herat,34.5,62.0,86.31,10,0,15.14,AF,2022-07-21 19:22:00
403,Guilin,25.2819,110.2864,77.11,95,1,1.81,CN,2022-07-21 19:22:01
404,Montbrison,45.6667,4.0833,82.74,40,0,6.69,FR,2022-07-21 19:22:01
405,Hammerfest,70.6634,23.6821,52.25,100,75,13.8,NO,2022-07-21 19:22:01
406,Porto Novo,6.4965,2.6036,75.78,78,27,9.33,BJ,2022-07-21 19:21:25
407,San Cristobal,7.7669,-72.225,80.78,53,77,7.56,VE,2022-07-21 19:22:02
408,Litovko,49.2361,135.1742,58.01,91,38,7.09,RU,2022-07-21 19:22:02
409,Douglas,41.3,-96.167,92.28,41,0,6.91,US,2022-07-21 19:22:03
410,Angoram,-4.0625,144.0661,72.66,99,97,1.97,PG,2022-07-21 19:23:03
411,Roald,62.5833,6.1333,59.16,93,75,6.91,NO,2022-07-21 19:23:04
412,Griffith,41.5284,-87.4237,93.13,51,40,16.11,US,2022-07-21 19:23:04
413,Hope,33.6671,-93.5916,98.65,26,72,5.32,US,2022-07-21 19:19:20
414,Saint George,37.1041,-113.5841,108.79,14,0,5.75,US,2022-07-21 19:23:04
415,Hokitika,-42.7167,170.9667,40.08,71,0,7.31,NZ,2022-07-21 19:23:05
416,Quzhou,28.9594,118.8686,81.7,81,98,2.89,CN,2022-07-21 19:23:05
417,Nizwa,22.9333,57.5333,88.29,67,100,2.48,OM,2022-07-21 19:23:05
418,Vestmannaeyjar,63.4427,-20.2734,50.99,100,100,8.05,IS,2022-07-21 19:20:34
419,Mahajanga,-15.7167,46.3167,71.62,56,20,5.75,MG,2022-07-21 19:23:06
420,Praia,14.9215,-23.5087,79.34,73,75,10.36,CV,2022-07-21 19:23:06
421,Manggar,-2.8833,108.2667,81.95,78,100,10.47,ID,2022-07-21 19:23:07
422,Bandarbeyla,9.4942,50.8122,75.88,82,45,28.52,SO,2022-07-21 19:23:07
423,Fianarantsoa,-21.4333,47.0833,47.41,98,8,3.69,MG,2022-07-21 19:23:07
424,Maceio,-9.6658,-35.7353,78.24,78,75,6.91,BR,2022-07-21 19:23:08
425,Verkhnyaya Inta,65.9811,60.3094,47.71,63,0,6.98,RU,2022-07-21 19:23:08
426,Kodinsk,58.6881,99.1844,53.96,95,6,3.58,RU,2022-07-21 19:23:08
427,Udachnyy,66.4167,112.4,48.45,100,100,1.34,RU,2022-07-21 19:23:09
428,Whitecourt,54.1502,-115.6855,78.04,29,40,12.66,CA,2022-07-21 19:23:09
429,Erenhot,43.6475,111.9767,76.6,35,100,24.2,CN,2022-07-21 19:23:09
430,Yangjiang,21.85,111.9667,79.95,86,18,2.06,CN,2022-07-21 19:23:10
431,Naivasha,-0.7167,36.4359,57.11,76,100,5.17,KE,2022-07-21 19:23:10
432,High Level,58.5169,-117.136,57.31,94,100,11.5,CA,2022-07-21 19:20:41
433,Chinhoyi,-17.3667,30.2,59.74,63,72,0.81,ZW,2022-07-21 19:23:10
434,Chapais,49.7834,-74.8492,67.78,88,100,14.18,CA,2022-07-21 19:23:11
435,San Patricio,28.017,-97.5169,97.52,38,5,19.71,US,2022-07-21 19:19:41
436,Xiaoshi,41.2971,124.1209,66.6,95,100,1.34,CN,2022-07-21 19:23:11
437,Makakilo City,21.3469,-158.0858,79.12,68,75,16.11,US,2022-07-21 19:19:23
438,Boromo,11.75,-2.9333,81.81,65,38,3.74,BF,2022-07-21 19:23:12
439,Plomarion,38.9767,26.3681,80.56,51,0,10.13,GR,2022-07-21 19:23:12
440,Maragogi,-9.0122,-35.2225,76.23,83,70,11.72,BR,2022-07-21 19:21:08
441,Cam Ranh,11.9214,109.1591,76.96,88,20,3.44,VN,2022-07-21 19:23:12
442,Kiunga,-6.1219,141.2906,72.55,100,100,1.63,PG,2022-07-21 19:23:13
443,Bartica,6.4,-58.6167,86.32,84,42,3.6,GY,2022-07-21 19:23:13
444,Tangshan,39.6333,118.1833,73.87,78,22,5.48,CN,2022-07-21 19:23:13
445,Klaksvik,62.2266,-6.589,52.72,88,12,9.4,FO,2022-07-21 19:23:14
446,Lagdo,9.05,13.7333,77.29,79,97,3.76,CM,2022-07-21 19:23:14
447,Dunedin,-45.8742,170.5036,46.8,82,100,4.0,NZ,2022-07-21 19:23:15
448,Jiehu,35.5428,118.455,72.68,82,0,4.12,CN,2022-07-21 19:23:15
449,Darhan,49.4867,105.9228,54.97,95,100,2.33,MN,2022-07-21 19:23:15
450,Mulbagal,13.1667,78.4,75.69,72,98,6.93,IN,2022-07-21 19:23:16
451,Atar,20.5169,-13.0499,101.75,23,5,14.43,MR,2022-07-21 19:23:16
452,Kavieng,-2.5744,150.7967,81.19,79,100,11.36,PG,2022-07-21 19:23:16
453,Carauari,-4.8828,-66.8958,92.34,43,39,1.16,BR,2022-07-21 19:23:17
454,Okha,53.5739,142.9478,54.18,94,99,10.0,RU,2022-07-21 19:23:17
455,Concordia,-31.393,-58.0209,68.79,79,100,11.99,AR,2022-07-21 19:23:17
456,Usinsk,65.9939,57.5281,49.48,58,0,11.92,RU,2022-07-21 19:23:18
457,Khuzdar,27.7384,66.6434,81.37,69,98,5.32,PK,2022-07-21 19:23:18
458,Coquimbo,-29.9533,-71.3436,55.13,82,100,8.05,CL,2022-07-21 19:23:17
459,Camana,-16.6228,-72.7111,61.99,79,100,6.49,PE,2022-07-21 19:24:19
460,Richards Bay,-28.783,32.0377,64.76,91,39,4.38,ZA,2022-07-21 19:22:46
461,Vila,42.0304,-8.1588,73.71,61,2,4.27,PT,2022-07-21 19:24:19
462,Velikooktyabrskiy,57.4333,33.8159,55.78,93,0,5.17,RU,2022-07-21 19:24:19
463,Waipawa,-41.4122,175.5153,44.8,71,100,15.5,NZ,2022-07-21 19:24:20
464,Belgrade,44.804,20.4651,86.7,50,0,4.61,RS,2022-07-21 19:24:20
465,Miles City,46.4083,-105.8406,92.37,19,0,11.5,US,2022-07-21 19:24:20
466,Dodola,6.9833,39.1833,53.49,92,77,4.65,ET,2022-07-21 19:24:21
467,Srednekolymsk,67.45,153.6833,46.0,57,0,6.29,RU,2022-07-21 19:24:21
468,Selma,36.5708,-119.6121,100.63,22,0,5.75,US,2022-07-21 19:23:18
469,Conceicao Do Araguaia,-8.2578,-49.2647,95.61,19,5,5.08,BR,2022-07-21 19:24:21
470,Tygda,53.1167,126.3333,60.69,87,31,4.18,RU,2022-07-21 19:24:22
471,Korla,41.7597,86.1469,77.76,31,0,2.08,CN,2022-07-21 19:24:22
472,Chancay,-11.5714,-77.2672,64.69,74,22,9.57,PE,2022-07-21 19:24:22
473,Rawson,-43.3002,-65.1023,48.61,42,100,21.32,AR,2022-07-21 19:24:23
474,Payo,-3.7508,103.6372,72.27,95,60,2.66,ID,2022-07-21 19:24:23
475,Gorom-Gorom,14.4439,-0.2361,89.46,46,45,4.38,BF,2022-07-21 19:24:23
476,Beloha,-25.1667,45.05,64.51,86,5,5.28,MG,2022-07-21 19:24:24
477,Bermeo,43.4209,-2.7215,76.41,78,4,6.29,ES,2022-07-21 19:24:24
478,Buraydah,26.326,43.975,100.85,10,10,9.82,SA,2022-07-21 19:24:25
479,Palmer,42.1584,-72.3287,91.44,60,75,18.41,US,2022-07-21 19:24:25
480,Muisne,0.6,-80.0333,74.7,81,100,11.07,EC,2022-07-21 19:22:12
481,Port Hueneme,34.1478,-119.1951,100.2,65,0,11.5,US,2022-07-21 19:24:25
482,Souillac,-20.5167,57.5167,70.18,83,40,16.11,MU,2022-07-21 19:24:26
483,Constitucion,-35.3333,-72.4167,59.5,70,4,10.58,CL,2022-07-21 19:24:26
484,Preobrazheniye,42.9019,133.9064,63.73,97,100,7.23,RU,2022-07-21 19:24:26
485,Nouadhibou,20.931,-17.0347,75.18,83,61,11.5,MR,2022-07-21 19:24:27
486,Kirakira,-10.4544,161.9205,78.71,85,94,3.67,SB,2022-07-21 19:24:27
487,Veracruz,19.3333,-96.6667,88.86,43,7,6.24,MX,2022-07-21 19:21:34
488,Stornoway,58.2093,-6.3865,56.03,76,75,3.44,GB,2022-07-21 19:24:28
489,Havre,49.5833,0.3333,72.19,64,0,8.05,FR,2022-07-21 19:24:28
490,Miraflores,19.2167,-98.8083,78.03,28,20,3.76,MX,2022-07-21 19:24:28
491,Preeceville,51.95,-102.6677,72.34,52,24,18.88,CA,2022-07-21 19:24:28
492,Challapata,-18.9,-66.7667,56.32,15,70,6.87,BO,2022-07-21 19:24:29
493,Katsuura,35.1333,140.3,78.1,92,93,14.83,JP,2022-07-21 19:24:29
494,Jagtial,18.8,78.9333,77.11,87,100,4.41,IN,2022-07-21 19:24:29
495,Tatarsk,55.219,75.9828,58.3,93,17,11.68,RU,2022-07-21 19:24:30
496,Bengkulu,-3.8004,102.2655,75.2,92,77,4.0,ID,2022-07-21 19:24:30
497,Gizo,-8.103,156.8419,81.0,79,72,6.49,SB,2022-07-21 19:24:30
498,Aktas,49.7789,72.9608,58.75,56,0,3.58,KZ,2022-07-21 19:24:31
499,Parkes,-33.1333,148.1833,46.53,83,9,7.83,AU,2022-07-21 19:24:31
500,Talnakh,69.4865,88.3972,49.21,88,17,6.44,RU,2022-07-21 19:24:32
501,Tayoltita,24.0833,-105.9333,92.34,38,3,7.05,MX,2022-07-21 19:24:32
502,Ust-Omchug,61.15,149.6333,58.71,70,79,4.45,RU,2022-07-21 19:24:32
503,Alibag,18.6411,72.8792,80.67,86,100,6.31,IN,2022-07-21 19:24:33
504,Okakarara,-20.5833,17.4333,56.32,32,0,5.99,NA,2022-07-21 19:24:33
505,Mossendjo,-2.9506,12.7261,71.91,74,33,1.9,CG,2022-07-21 19:25:33
506,Hobyo,5.3505,48.5268,76.19,83,62,23.35,SO,2022-07-21 19:25:34
507,North Bend,43.4065,-124.2243,67.15,83,100,9.22,US,2022-07-21 19:25:34
508,Naters,46.3254,7.9891,74.77,83,42,0.92,CH,2022-07-21 19:25:34
509,Goundam,16.4145,-3.6708,94.17,37,24,9.4,ML,2022-07-21 19:25:35
510,Mari-Turek,56.7895,49.6235,58.1,83,0,3.83,RU,2022-07-21 19:25:35
511,Wlodawa,51.55,23.55,71.94,75,6,4.32,PL,2022-07-21 19:25:35
512,La Orilla,17.9833,-102.2333,89.04,62,22,9.51,MX,2022-07-21 19:25:36
513,Williams Lake,52.1415,-122.1445,85.05,27,20,3.0,CA,2022-07-21 19:25:36
514,Dracena,-21.4843,-51.535,88.74,19,6,10.58,BR,2022-07-21 19:25:36
515,Qaqortoq,60.7167,-46.0333,50.92,78,9,6.29,GL,2022-07-21 19:25:37
516,A Coruna,43.3713,-8.396,72.45,83,75,15.99,ES,2022-07-21 19:24:53
517,Saint Marys,30.7305,-81.5465,95.02,58,75,11.5,US,2022-07-21 19:25:37
518,Nadym,65.5333,72.5167,47.3,69,100,5.03,RU,2022-07-21 19:25:37
519,Hernani,43.2662,-1.9762,74.93,75,20,4.0,ES,2022-07-21 19:25:38
520,Alyangula,-13.8483,136.4192,66.58,67,93,10.92,AU,2022-07-21 19:25:38
521,Puerto Madryn,-42.7692,-65.0385,49.37,36,100,14.79,AR,2022-07-21 19:23:33
522,Bahawalpur,29.4,71.6833,81.3,75,100,6.98,PK,2022-07-21 19:25:39
523,Mackenzie,55.2999,-123.1698,70.02,35,20,8.05,CA,2022-07-21 19:25:39
524,Henties Bay,-22.116,14.2845,58.39,73,0,6.89,NA,2022-07-21 19:25:39
525,Waddan,29.1614,16.139,85.05,32,0,15.93,LY,2022-07-21 19:25:40
526,Lamar,33.6668,-95.5836,89.58,34,100,6.04,US,2022-07-21 19:25:40
527,Ouallam,14.3188,2.0866,90.55,43,94,5.59,NE,2022-07-21 19:25:40
528,Campoverde,-8.4753,-74.8058,89.29,39,91,0.65,PE,2022-07-21 19:25:40
529,Odweyne,9.4092,45.064,72.05,45,6,17.36,SO,2022-07-21 19:25:41
530,Shimoda,34.6667,138.95,75.11,87,13,7.02,JP,2022-07-21 19:25:41
531,Tuxtepec,18.1,-96.1167,90.1,60,89,3.98,MX,2022-07-21 19:25:41
532,Onda,39.9667,-0.25,84.15,66,0,3.89,ES,2022-07-21 19:25:42
533,Elizabeth City,36.2946,-76.2511,91.99,71,40,14.97,US,2022-07-21 19:25:42
534,Pomabamba,-8.8333,-77.4667,63.54,28,31,6.06,PE,2022-07-21 19:25:42
535,Joshimath,30.5667,79.5667,70.9,94,100,1.41,IN,2022-07-21 19:25:43
536,Roebourne,-20.7833,117.1333,69.4,85,0,7.0,AU,2022-07-21 19:25:43
537,Brae,60.3964,-1.353,52.32,80,10,11.9,GB,2022-07-21 19:25:43
538,Ola,59.5833,151.2833,64.15,84,61,1.45,RU,2022-07-21 19:25:44
539,Tete,-16.1564,33.5867,78.89,44,40,9.22,MZ,2022-07-21 19:25:44
540,Shubarshi,48.5872,57.1869,77.85,28,100,9.98,KZ,2022-07-21 19:25:44
541,Kurilsk,45.2333,147.8833,52.72,97,100,10.8,RU,2022-07-21 19:25:45
542,Muzaffarabad,34.37,73.4711,77.05,94,100,1.79,PK,2022-07-21 19:25:45
543,Abu Samrah,35.3029,37.1841,79.0,46,0,12.97,SY,2022-07-21 19:25:45
544,Mettur,11.8,77.8,81.5,75,100,1.74,IN,2022-07-21 19:25:46
545,Simao,22.7886,100.9748,65.48,97,100,1.9,CN,2022-07-21 19:25:46
546,Sibu,2.3,111.8167,77.31,88,40,1.14,MY,2022-07-21 19:25:46
547,Moville,42.4889,-96.0725,91.04,18,0,11.43,US,2022-07-21 19:25:47
548,Oxford,51.7522,-1.256,72.18,65,75,9.22,GB,2022-07-21 19:25:47
549,Gigmoto,13.7796,124.39,81.45,85,26,7.05,PH,2022-07-21 19:25:47
550,Sehithwa,-20.4667,22.7167,67.05,36,100,5.28,BW,2022-07-21 19:25:48
551,Breytovo,58.2993,37.8617,62.02,81,4,8.32,RU,2022-07-21 19:25:48
552,Bara,10.3744,10.7288,77.74,71,87,3.51,NG,2022-07-21 19:25:48
553,Nome,64.5011,-165.4064,46.47,87,100,9.22,US,2022-07-21 19:25:52
554,Pangnirtung,66.1451,-65.7125,44.6,100,75,8.05,CA,2022-07-21 19:26:49
555,Luquillo,18.3725,-65.7166,82.9,89,100,6.91,PR,2022-07-21 19:26:49
556,Ekhabi,53.5102,142.9671,54.12,94,100,10.33,RU,2022-07-21 19:26:49
557,Benton Harbor,42.1167,-86.4542,90.25,48,20,16.11,US,2022-07-21 19:22:49
558,Stokmarknes,68.5646,14.9108,55.38,76,100,12.66,NO,2022-07-21 19:26:50
559,Kuantan,3.8077,103.326,77.11,88,20,0.0,MY,2022-07-21 19:26:50
560,Pathein,16.7833,94.7333,76.86,93,100,10.49,MM,2022-07-21 19:26:41
561,Mahon,39.8885,4.2658,82.96,61,0,5.75,ES,2022-07-21 19:26:51
562,Henderson,36.0397,-114.9819,111.33,11,0,4.61,US,2022-07-21 19:24:11
563,Batagay-Alyta,67.8006,130.4114,46.94,84,61,1.07,RU,2022-07-21 19:24:58
564,Emerald,-23.5333,148.1667,52.02,96,27,8.43,AU,2022-07-21 19:26:51
565,Berlevag,70.8578,29.0864,57.15,94,100,4.61,NO,2022-07-21 19:26:52
566,Boo,59.3333,18.2833,78.71,60,0,9.22,SE,2022-07-21 19:26:52
567,Sobolevo,54.4299,31.8996,58.14,89,1,8.39,RU,2022-07-21 19:26:52
568,Luderitz,-26.6481,15.1594,64.92,49,0,8.48,NA,2022-07-21 19:26:53
569,Alta Floresta,-9.8756,-56.0861,96.62,26,20,5.75,BR,2022-07-21 19:26:53
570,Tiznit,29.5833,-9.5,94.5,17,69,3.85,MA,2022-07-21 19:26:53
571,Bilma,18.6853,12.9164,93.83,29,81,10.49,NE,2022-07-21 19:26:54
572,Saint-Joseph,-21.3667,55.6167,64.78,76,28,13.35,RE,2022-07-21 19:26:54
573,Kloulklubed,7.0419,134.2556,82.99,71,94,1.99,PW,2022-07-21 19:26:55
574,Malartic,48.1335,-78.1328,66.31,97,100,13.06,CA,2022-07-21 19:26:55
575,Fare,-16.7,-151.0167,77.0,73,0,10.94,PF,2022-07-21 19:26:55
576,Rudbar,30.15,62.6,97.5,10,10,4.76,AF,2022-07-21 19:26:56
577,Sangmelima,2.9333,11.9833,68.5,93,75,3.78,CM,2022-07-21 19:26:56
578,Coahuayana,18.7333,-103.6833,90.27,62,84,6.91,MX,2022-07-21 19:26:56
579,Mulege,26.8833,-111.9833,98.02,32,0,9.71,MX,2022-07-21 19:26:56
580,Alampur,15.8833,78.15,85.1,64,100,2.93,IN,2022-07-21 19:26:57
581,Longido,-2.7333,36.6833,62.04,72,67,15.95,TZ,2022-07-21 19:26:57
582,Wuwei,37.9281,102.6414,55.83,65,0,5.17,CN,2022-07-21 19:26:57
583,Tres Arroyos,-38.3739,-60.2798,54.64,22,86,6.06,AR,2022-07-21 19:23:49
584,Chicama,-7.8447,-79.1469,61.34,60,93,9.04,PE,2022-07-21 19:26:58
585,Staryy Nadym,65.6118,72.6842,46.76,71,100,5.21,RU,2022-07-21 19:26:58
586,Bilibino,68.0546,166.4372,40.1,72,94,1.97,RU,2022-07-21 19:26:59
587,Ornskoldsvik,63.2909,18.7153,70.75,78,100,13.8,SE,2022-07-21 19:26:59
588,Dong Hoi,17.4833,106.6,77.07,85,89,4.45,VN,2022-07-21 19:26:46
589,Coihaique,-45.5752,-72.0662,34.41,86,75,6.91,CL,2022-07-21 19:24:02
590,Chernyshevskiy,63.0128,112.4714,56.62,90,100,2.95,RU,2022-07-21 19:27:00
591,Bastogne,50.0035,5.7184,68.07,82,31,6.17,BE,2022-07-21 19:27:00
592,Walvis Bay,-22.9575,14.5053,59.95,67,0,5.75,NA,2022-07-21 19:27:00
593,Kondinskoye,59.6481,67.41,54.19,65,9,6.31,RU,2022-07-21 19:27:01
594,Manitouwadge,49.1215,-85.8403,79.57,40,1,12.37,CA,2022-07-21 19:27:01
595,Lata,40.1629,-8.3327,75.9,50,92,5.84,PT,2022-07-21 19:27:01
596,Riohacha,11.5444,-72.9072,90.66,56,100,15.75,CO,2022-07-21 19:27:02
